id,roll_no,name,age
Sachin,Sachin,Sachin,Sachin
Reva,Reva,Reva,Reva
Sachi,Sachi,Sachi,Sachi
Vina,Vina,Vina,Vina
Rani,Rani,Rani,Rani
Sita,Sita,Sita,Sita
Sachin,Sachin,Sachin,Sachin
Reva,Reva,Reva,Reva
Sachi,Sachi,Sachi,Sachi
John Smith,John Smith,John Smith,John Smith
Emily Johnson,Emily Johnson,Emily Johnson,Emily Johnson
Michael Brown,Michael Brown,Michael Brown,Michael Brown
Sarah Davis,Sarah Davis,Sarah Davis,Sarah Davis
Daniel Wilson,Daniel Wilson,Daniel Wilson,Daniel Wilson
Jessica Lee,Jessica Lee,Jessica Lee,Jessica Lee
David Miller,David Miller,David Miller,David Miller
Olivia Jones,Olivia Jones,Olivia Jones,Olivia Jones
James Anderson,James Anderson,James Anderson,James Anderson
Sophia Taylor,Sophia Taylor,Sophia Taylor,Sophia Taylor
Ethan Martinez,Ethan Martinez,Ethan Martinez,Ethan Martinez
Isabella Garcia,Isabella Garcia,Isabella Garcia,Isabella Garcia
Alexander Clark,Alexander Clark,Alexander Clark,Alexander Clark
Ava Rodriguez,Ava Rodriguez,Ava Rodriguez,Ava Rodriguez
William Hall,William Hall,William Hall,William Hall
Mia Martinez,Mia Martinez,Mia Martinez,Mia Martinez
Benjamin Allen,Benjamin Allen,Benjamin Allen,Benjamin Allen
Charlotte White,Charlotte White,Charlotte White,Charlotte White
Samuel Young,Samuel Young,Samuel Young,Samuel Young
Amelia Scott,Amelia Scott,Amelia Scott,Amelia Scott
Daniel Green,Daniel Green,Daniel Green,Daniel Green
Harper Harris,Harper Harris,Harper Harris,Harper Harris
Joseph Adams,Joseph Adams,Joseph Adams,Joseph Adams
Grace Turner,Grace Turner,Grace Turner,Grace Turner
Christopher King,Christopher King,Christopher King,Christopher King
Lily Perez,Lily Perez,Lily Perez,Lily Perez
Henry Martinez,Henry Martinez,Henry Martinez,Henry Martinez
Sophia Hernandez,Sophia Hernandez,Sophia Hernandez,Sophia Hernandez
Elijah Davis,Elijah Davis,Elijah Davis,Elijah Davis
Ella Wilson,Ella Wilson,Ella Wilson,Ella Wilson
Alexander Johnson,Alexander Johnson,Alexander Johnson,Alexander Johnson
Scarlett Smith,Scarlett Smith,Scarlett Smith,Scarlett Smith
William Anderson,William Anderson,William Anderson,William Anderson
Amelia Brown,Amelia Brown,Amelia Brown,Amelia Brown
Liam Taylor,Liam Taylor,Liam Taylor,Liam Taylor
Evelyn Clark,Evelyn Clark,Evelyn Clark,Evelyn Clark
Jackson Jones,Jackson Jones,Jackson Jones,Jackson Jones
Aria Miller,Aria Miller,Aria Miller,Aria Miller
Samuel Garcia,Samuel Garcia,Samuel Garcia,Samuel Garcia
Abigail Lee,Abigail Lee,Abigail Lee,Abigail Lee
Owen Martin,Owen Martin,Owen Martin,Owen Martin
Sophia Adams,Sophia Adams,Sophia Adams,Sophia Adams
Lucas Hall,Lucas Hall,Lucas Hall,Lucas Hall
Mia Rodriguez,Mia Rodriguez,Mia Rodriguez,Mia Rodriguez
Benjamin Martinez,Benjamin Martinez,Benjamin Martinez,Benjamin Martinez
Emma Scott,Emma Scott,Emma Scott,Emma Scott
Ava Young,Ava Young,Ava Young,Ava Young
Noah White,Noah White,Noah White,Noah White
Olivia Harris,Olivia Harris,Olivia Harris,Olivia Harris
James Turner,James Turner,James Turner,James Turner
John Smith,John Smith,John Smith,John Smith
Emily Johnson,Emily Johnson,Emily Johnson,Emily Johnson
Michael Brown,Michael Brown,Michael Brown,Michael Brown
Sarah Davis,Sarah Davis,Sarah Davis,Sarah Davis
Daniel Wilson,Daniel Wilson,Daniel Wilson,Daniel Wilson
Jessica Lee,Jessica Lee,Jessica Lee,Jessica Lee
David Miller,David Miller,David Miller,David Miller
Olivia Jones,Olivia Jones,Olivia Jones,Olivia Jones
James Anderson,James Anderson,James Anderson,James Anderson
Sophia Taylor,Sophia Taylor,Sophia Taylor,Sophia Taylor
Ethan Martinez,Ethan Martinez,Ethan Martinez,Ethan Martinez
Isabella Garcia,Isabella Garcia,Isabella Garcia,Isabella Garcia
Alexander Clark,Alexander Clark,Alexander Clark,Alexander Clark
Ava Rodriguez,Ava Rodriguez,Ava Rodriguez,Ava Rodriguez
William Hall,William Hall,William Hall,William Hall
Mia Martinez,Mia Martinez,Mia Martinez,Mia Martinez
Benjamin Allen,Benjamin Allen,Benjamin Allen,Benjamin Allen
Charlotte White,Charlotte White,Charlotte White,Charlotte White
Samuel Young,Samuel Young,Samuel Young,Samuel Young
Amelia Scott,Amelia Scott,Amelia Scott,Amelia Scott
Daniel Green,Daniel Green,Daniel Green,Daniel Green
Harper Harris,Harper Harris,Harper Harris,Harper Harris
Joseph Adams,Joseph Adams,Joseph Adams,Joseph Adams
Grace Turner,Grace Turner,Grace Turner,Grace Turner
Christopher King,Christopher King,Christopher King,Christopher King
Lily Perez,Lily Perez,Lily Perez,Lily Perez
Henry Martinez,Henry Martinez,Henry Martinez,Henry Martinez
Sophia Hernandez,Sophia Hernandez,Sophia Hernandez,Sophia Hernandez
Elijah Davis,Elijah Davis,Elijah Davis,Elijah Davis
Ella Wilson,Ella Wilson,Ella Wilson,Ella Wilson
Alexander Johnson,Alexander Johnson,Alexander Johnson,Alexander Johnson
Scarlett Smith,Scarlett Smith,Scarlett Smith,Scarlett Smith
William Anderson,William Anderson,William Anderson,William Anderson
Amelia Brown,Amelia Brown,Amelia Brown,Amelia Brown
Liam Taylor,Liam Taylor,Liam Taylor,Liam Taylor
Evelyn Clark,Evelyn Clark,Evelyn Clark,Evelyn Clark
Jackson Jones,Jackson Jones,Jackson Jones,Jackson Jones
Aria Miller,Aria Miller,Aria Miller,Aria Miller
Samuel Garcia,Samuel Garcia,Samuel Garcia,Samuel Garcia
Abigail Lee,Abigail Lee,Abigail Lee,Abigail Lee
Owen Martin,Owen Martin,Owen Martin,Owen Martin
Sophia Adams,Sophia Adams,Sophia Adams,Sophia Adams
Lucas Hall,Lucas Hall,Lucas Hall,Lucas Hall
Mia Rodriguez,Mia Rodriguez,Mia Rodriguez,Mia Rodriguez
Benjamin Martinez,Benjamin Martinez,Benjamin Martinez,Benjamin Martinez
Emma Scott,Emma Scott,Emma Scott,Emma Scott
Ava Young,Ava Young,Ava Young,Ava Young
Noah White,Noah White,Noah White,Noah White
Olivia Harris,Olivia Harris,Olivia Harris,Olivia Harris
James Turner,James Turner,James Turner,James Turner
John Smith,John Smith,John Smith,John Smith
Emily Johnson,Emily Johnson,Emily Johnson,Emily Johnson
Michael Brown,Michael Brown,Michael Brown,Michael Brown
Sarah Davis,Sarah Davis,Sarah Davis,Sarah Davis
Daniel Wilson,Daniel Wilson,Daniel Wilson,Daniel Wilson
Jessica Lee,Jessica Lee,Jessica Lee,Jessica Lee
David Miller,David Miller,David Miller,David Miller
Olivia Jones,Olivia Jones,Olivia Jones,Olivia Jones
James Anderson,James Anderson,James Anderson,James Anderson
Sophia Taylor,Sophia Taylor,Sophia Taylor,Sophia Taylor
Ethan Martinez,Ethan Martinez,Ethan Martinez,Ethan Martinez
Isabella Garcia,Isabella Garcia,Isabella Garcia,Isabella Garcia
Alexander Clark,Alexander Clark,Alexander Clark,Alexander Clark
Ava Rodriguez,Ava Rodriguez,Ava Rodriguez,Ava Rodriguez
William Hall,William Hall,William Hall,William Hall
Mia Martinez,Mia Martinez,Mia Martinez,Mia Martinez
Benjamin Allen,Benjamin Allen,Benjamin Allen,Benjamin Allen
Charlotte White,Charlotte White,Charlotte White,Charlotte White
Samuel Young,Samuel Young,Samuel Young,Samuel Young
Amelia Scott,Amelia Scott,Amelia Scott,Amelia Scott
Daniel Green,Daniel Green,Daniel Green,Daniel Green
Harper Harris,Harper Harris,Harper Harris,Harper Harris
Joseph Adams,Joseph Adams,Joseph Adams,Joseph Adams
Grace Turner,Grace Turner,Grace Turner,Grace Turner
Christopher King,Christopher King,Christopher King,Christopher King
Lily Perez,Lily Perez,Lily Perez,Lily Perez
Henry Martinez,Henry Martinez,Henry Martinez,Henry Martinez
Sophia Hernandez,Sophia Hernandez,Sophia Hernandez,Sophia Hernandez
Elijah Davis,Elijah Davis,Elijah Davis,Elijah Davis
Ella Wilson,Ella Wilson,Ella Wilson,Ella Wilson
Alexander Johnson,Alexander Johnson,Alexander Johnson,Alexander Johnson
Scarlett Smith,Scarlett Smith,Scarlett Smith,Scarlett Smith
William Anderson,William Anderson,William Anderson,William Anderson
Amelia Brown,Amelia Brown,Amelia Brown,Amelia Brown
Liam Taylor,Liam Taylor,Liam Taylor,Liam Taylor
Evelyn Clark,Evelyn Clark,Evelyn Clark,Evelyn Clark
Jackson Jones,Jackson Jones,Jackson Jones,Jackson Jones
Aria Miller,Aria Miller,Aria Miller,Aria Miller
Samuel Garcia,Samuel Garcia,Samuel Garcia,Samuel Garcia
Abigail Lee,Abigail Lee,Abigail Lee,Abigail Lee
Owen Martin,Owen Martin,Owen Martin,Owen Martin
Sophia Adams,Sophia Adams,Sophia Adams,Sophia Adams
Lucas Hall,Lucas Hall,Lucas Hall,Lucas Hall
Mia Rodriguez,Mia Rodriguez,Mia Rodriguez,Mia Rodriguez
Benjamin Martinez,Benjamin Martinez,Benjamin Martinez,Benjamin Martinez
Emma Scott,Emma Scott,Emma Scott,Emma Scott
Ava Young,Ava Young,Ava Young,Ava Young
Noah White,Noah White,Noah White,Noah White
Olivia Harris,Olivia Harris,Olivia Harris,Olivia Harris
James Turner,James Turner,James Turner,James Turner
